variant,model,n,hospitals,events,prevalence,status,auroc,auprc,brier,calibration_intercept,calibration_slope,mean_predicted_risk
freshness_180,corrected_primary_source_raw,1236,22,479,0.38754045307443363,estimated,0.4991381759113962,0.37607706359270676,0.5132324154069382,-0.6532932523632996,0.05044178483005497,0.8576516581495309
freshness_180,corrected_primary_source_intercept_recalibrated,1236,22,479,0.38754045307443363,estimated,0.4991381759113962,0.37607706359270676,0.4020581927009708,-0.4810829258590108,0.050243355852180524,0.6482605956135872
freshness_180,corrected_primary_source_logistic_recalibrated,1236,22,479,0.38754045307443363,estimated,0.5008618240886038,0.3726385051297816,0.23987014534320186,-1.057601285714881,-1.1691639961506044,0.3752276214375046
freshness_180,corrected_strict_source_raw,1236,22,479,0.38754045307443363,estimated,0.500106176727716,0.3770093638264902,0.5130668969813397,-0.6587148556299323,0.05209270721095638,0.8582673251665305
freshness_180,corrected_strict_source_intercept_recalibrated,1236,22,479,0.38754045307443363,estimated,0.500106176727716,0.3770093638264902,0.40121009545822606,-0.48207046718367996,0.051917595772069426,0.6486505282772599
freshness_180,corrected_strict_source_logistic_recalibrated,1236,22,479,0.38754045307443363,estimated,0.49989382327228404,0.37210567922993815,0.23987050453920827,-1.077895782445919,-1.2101747500070847,0.3753731669699957
freshness_180,target_native_refit,1236,22,479,0.38754045307443363,estimated,0.6032327366293163,0.4700452069721564,0.23367812465538668,-0.25270114105122027,0.5474716322009182,0.4116524185348834
freshness_180,target_native__harmonized_last_values,1236,22,479,0.38754045307443363,estimated,0.5958996478242045,0.4812249198340523,0.23327397578570205,-0.2662698855145306,0.8047016431105212,0.4399880125976917
freshness_180,target_native__harmonized_dynamic_vitals,1236,22,479,0.38754045307443363,estimated,0.6097439899835357,0.484200336390777,0.23332012888053036,-0.28740621529327404,0.5902676359384162,0.4310805523041462
freshness_180,source_trained__corrected_primary__harmonized_last_values,1236,22,479,0.38754045307443363,estimated,0.501267226139883,0.38970142716430767,0.244286464479599,-0.3655434519063541,0.16124693103432017,0.37632591661597153
freshness_180,source_trained__corrected_primary__harmonized_dynamic_vitals,1236,22,479,0.38754045307443363,estimated,0.528481562480178,0.42310381508722916,0.24418938520417421,-0.30897108535214035,0.21768403846399859,0.35242065650398874
freshness_180,source_trained__corrected_strict__harmonized_last_values,1236,22,479,0.38754045307443363,estimated,0.5040305788975823,0.39259309140555243,0.24390456556025522,-0.3618228806064389,0.17158849449260247,0.3788295671995182
freshness_180,source_trained__corrected_strict__harmonized_dynamic_vitals,1236,22,479,0.38754045307443363,estimated,0.5293888908806601,0.4238728637367026,0.24351854143809656,-0.3048264410659484,0.2311325436828999,0.35629542706050066
